数量,部品番号,値,内容
1,C1,100uF 50V,電解コンデンサ 100µF 50V φ8 ピッチ3.5mm（105℃品）
1,C2,100uF 16V,電解コンデンサ 100µF 16V以上 φ6.3 ピッチ2.5mm（105℃品）
2,C3 C4,0.1uF,積層セラミック 0.1µF(100nF/104) 50V X7R ピッチ2.5mm
1,D1,1N5819,ショットキーダイオード 40V 1A（DO-41）逆接保護
1,D2,P6KE22A,TVS ダイオード 600W 22V 単方向（DO-15）
1,D3,BAT85,小信号ショットキー BAT85（DO-35）電圧測定入力のクランプ
2,D4 D5,1N4148,小信号ダイオード 1N4148（DO-35）入力の逆電圧保護
1,F1,Mini blade 1A,ミニ平型ヒューズホルダー Keystone 3568 ＋ ミニ平型ヒューズ 1A
1,J1,12V IN,"端子台 5.08mm 3P（Phoenix MKDS 1,5/3-5,08 互換）"
1,J2,REMOTE OUT,"端子台 3.5mm 8P（Phoenix PT 1,5/8-3,5-H 互換）"
1,J3,AUX IN,"端子台 3.5mm 4P（Phoenix PT 1,5/4-3,5-H 互換）"
1,J4,I2C,ピンヘッダー 1×4 2.54mm
1,J5,ESP32 J1,ピンソケット 1×19 2.54mm（ESP32-DevKitC 用）
1,J6,ESP32 J3,ピンソケット 1×19 2.54mm（ESP32-DevKitC 用）
1,R1,100k,抵抗 100kΩ 1/4W
2,R10 R9,10k,抵抗 10kΩ 1/4W
1,R2,22k,抵抗 22kΩ 1/4W
4,R3 R4 R5 R6,470,抵抗 470Ω 1/4W
2,R7 R8,2.2k,抵抗 2.2kΩ 1/4W
1,U1,OKI-78SR-5/1.5-W36-C,DC-DC 5V 1.5A Murata OKI-78SR-5/1.5-W36-C
6,U2 U3 U4 U5 U6 U7,PC817C,フォトカプラ PC817C（DIP-4）
